,max(page)
0,https://www.castlery.com.au/products/mico-stool?quantity=1
1,https://furniturestoresalemoregon.com/products/amish-furniture/style-your-own-syo/
2,https://www.antoninimodernliving.com/products/
3,https://thefinestore.com/products/gift-card
4,https://wholesaleclassicfurniture.com/products/lyon-french-victorian-lamp-table-bedside-timber-bedside-table-white-wcf168bs-101-pn-wh_1
5,https://www.skyhomedecor.com/collections/kids/products/the-rug-market-doodle-71287-area-rug
6,https://www.lakkadhaara.com/products/sheesham-made-wooden-khat
7,https://squarehome.com/products/
8,https://www.kmpfurniture.com/fire_collection/products/beds_80.html
9,https://americanbackyard.com/products/gift-card
10,https://elinahome.com/products/18-x-18-inch-satin-napkins-rhinestone-napkin-rings-party-supplies-christmas-decorations-wedding-birthday-baby-shower
11,https://auburnfox.co.uk/products/iron-and-leather-adjustable-stool
12,https://oakforless.com/products/gift-card
13,https://rusteak.com/products/sofa
14,https://floydhome.com/products/the-floyd-hat
15,https://barnabylane.com.au/products/spensley-tan
16,https://bohovalley.com.au/products/fern-daybed
17,https://www.corcovado.co.nz/products/the-corcovado-kea-sofa
18,https://furnitureshop.net/products/curvy-chair
19,https://acmeshelving.com/collections/signs/products/sale
20,https://www.laura-james.co.uk/products/coffee-table-corona
21,https://www.georgestreet.co.uk/products/e1-flush-3-light-ceiling-light/
22,https://www.royalcraft.co.uk/products/ascot-shed-2
23,https://www.nigbursfinefurniture.com/products/
24,https://limesinteriors.co.uk/collections/popular-items/products/abree-lamp
25,https://www.groensfinefurniture.com/products/Miscellaneous/misc/394554.html
26,https://alasaw.com/products/sample-box
27,https://jeremiahcollection.com/products/record-storage-console
28,https://hilaryandflo.co.uk/products/nice-print
29,https://www.masayacompany.com/collections/featured/products/wood-leather-ottoman
30,https://www.meta44.com/products/homeland
31,https://afg.us.com/products/ashley-baraga-h410-24
32,https://igigishop.co.uk/products/cotton-rug
33,https://www.equilibriumfurnishings.com/products/abby-walnut-credenza
34,https://www.blackmango.com.au/products/gift-card
35,https://shopspencerfurnituresiouxfalls.com/products/glass-lamp
36,https://www.royalgarden.com/products/russel-4pc-seating-set
37,https://singaporetradingpost.com/products/decorative-white-carved-console
38,https://ilrestaurato.com/products/chrome-counter-bar-stools-1970s
39,https://dormahome.com/products/seaford-shelf-black
40,https://www.goodwoodfurniture.com.au/products/wardrobes/colonial-robe/
41,https://lorfords.com/collections/the-armchair-collection/products/the-bayswater-armchair
42,https://waltercox.co.uk/products/
43,https://gibsonpatioshop.com/products/index.html
44,https://www.insaraf.com/products/solid-wood-coasters
45,https://choufani.com/products/primavera-bed
46,https://www.abowed.co.uk/products/oak-four-poster-bed
47,https://galvinbrothers.co.uk/products/alfandbud
48,http://davidmoura.co.uk/products/eight-light-antler-chandelier
49,https://www.harperandfaith.co.uk/products/jupiter-bed
50,https://www.maisonandgarden.co.uk/products/28cm-solar-ball
51,https://furnituremaddness.com/products/l-shape-leather-lounge
52,http://www.mountainteak.com/products/designer-teak-furniture/
53,https://yoyo.co.nz/products/yoyo-gift-voucher
54,https://idsfurniture.com/categories/563349/simon/products/sim-s-ch/simon-side-chair
55,https://relm.com.au/products/
56,https://bedesign.fi/products/gift-card
57,https://www.innerspace.net.au/products/STOOLS-5414
58,https://nazzek.myshopify.com/products/wooden-coffee-table
59,https://hauslondon.com/products/gift-card
60,https://pure-patio.com/products/braxton-bar-arm-chair
61,https://nicoyafurniture.com.au/products/playa-bowl
62,https://curiocavern.ph/products/cow-skull
63,https://www.sutherlandfurniture.com/collections/quick-ship/products/franck-sofa-quickship
64,https://www.skhomedecor.co.uk/products/page/2/
65,https://apato.com.au/products/work/kobo-st-desk/
66,https://www.mwfurnitureoutlet.com/products/dresser
67,https://homedesires.com/products/gift-card
68,https://huckandpeck.com/products/gift-card
69,https://www.waynesfinefurnitureandbedding.com/search/products/?s=power+recliners&pp=120
70,https://www.newleafupcycled.com.au/products/rustic-shabby-chic-bookcase
71,https://www.willowcreekteak.com/products/8pc-venice
72,https://em-say.com/products/gift-card
73,https://lavida-furniture.com/products/lua
74,https://www.search4furniture.com/products/ritz-bed
75,https://www.mantrafurnishings.com/products/5285-01-chair
76,https://www.50-online.com/products/wooden-house-ornament
77,https://bydesigntexas.com/products/bdimargo%E2%84%A2-5229-media-cabinet-6-colors?_pos=1&_sid=81298bf3f&_ss=r
78,https://classicwithatwist.com.au/products/1900-bench
79,https://elegancehomefurniture.co.uk/products/dylan-crushed-velvet-swivel-cuddle-chair
80,https://www.nabisottomanfurniture.co.uk/products/chesterfield-diamante-bed-frame
81,https://cultdesign.co.nz/products/molloy-chair
82,https://jnmhome.ca/products/kuma-artwork
83,https://homestreethome.ie/products/zinc-tray
84,https://www.dimshome.com/products/eave-desk
85,https://shophorne.com/products/sarpaneva-cast-iron-casserole
86,https://shackletonsretail.co.uk/products/
87,https://www.henryandoliverco.com/products/gift-vouchers
88,https://thefurniture-house.co.uk/products/new-grey-recliner-sofa
89,https://www.aarniooriginals.com/collections/shop/products/pony
90,https://www.dengiloutdoorfurniture.com/products/sofa-sets/rattan-sofa-sets/
91,https://rusticland.co.uk/products/industrial-2x-handmade-x-dining-table-bench-frame-steel-large-table-pedestal-legs
92,https://medleyhome.com/products/ridge-accent-chair
93,http://imaginexfurniture.uk/collections/sarah/products/sarah-grey-birch-italian-coffee-table
94,https://rileysrealwood.com/products/detail/magnistretch-12
95,https://dfohome.com/products/patio-furniture/swings/all-swings
96,https://paulcaseboutique.co.uk/products/spyder-dining-chair
97,https://lazysusansusa.com/products/ls-16-myr-16-inches-in-diameter
98,https://bostonwoods.co.za/products/kr3-pedestal
99,https://pastoesales.com/products/vision-sideboard-5
100,https://americanwholesalefurniturewi.com/products/
101,https://airfurniture.co.uk/products/zues-pu-storage-bed
102,https://timleveson.shop/products/nico-sofa-1750-urban
103,https://allworldfurniture.com/products/sallie-stool&via=http://www.twitter.com/alworldfurnitur&text=Euro%20Style%20Sallie%20Accent%20Stool
104,https://www.grainwoodfurniture.com/products/shaker-twin-panel-platform-bed
105,https://houseofhollingsworthblog.com/products/locker
106,https://davidsfurniture.com/collections/quick-ship-furniture/products/craftmaster-bang-bang-sofa
107,https://1outdoorfurniture.com/products/asmund-outdoor-console-table-with-2-sink-set-1tf168inx-console-table-2-sink-set
108,https://www.idcmn.com/products/sun-company-861013-queen-bed&source=webclient
109,https://ajnaliving.com/products/provence-sofa
110,https://jubileefurniturelv.com/products/anette-modern-leather-bed
111,https://www.blockandchisel.co.za/products/special-features/promotion-53
112,http://www.odinlifestyle.com/products/collections/tyr/
113,https://emesfurnishop.co.uk/products/ivo-wardrobe
114,https://www.savetheplanetfurniture.com/products/lantern-silver-cube
115,https://ulfertskids.com/products/rectangle-6
116,https://www.arighibianchi.co.uk/collections/new-in-homepage/products/birds-coat-rack
117,https://kokocollective.com.au/products/esme-natural-rattan-day-bed
118,https://mueblesitaliano.ph/products/
119,https://augustusbrandt.co.uk/products/seating-2/204315/
120,https://mikazahome.ca/products/page/4/
121,https://mydesignrepublic.com/collections/all/products/antika-rug
122,https://www.rimufurniture.co.nz/products/riviera-1900-hutch-2/
123,https://asianteakfurniture.com/products/bali-teak-bench-atf388
124,https://hauserstores.com/products/mesa-sofa?view=product-alt
125,https://dunlin.com.au/products/beadlight-cirrus
126,https://tiffanyjayne.co.uk/products/small-hooks
127,https://www.hammockshop.co.nz/products/childrens-hammock-chair
128,https://bydesignmodern.com/products/dining-chairs-314-080
129,https://domedeco.us/categories/639951/carpets/products/zu140200{slash}an/woolen-carpet-_singlequotes_zubair_singlequotes_
130,https://www.cranmorehome.com.au/products/gift-card
131,https://www.modishstore.com/products/twos-company-sunburst-antiqued-gold-wall-mirror
132,https://www.factorybuys.com.au/products/euro-top-mattress-king
133,https://www.sofamania.com/products/carl-victorian-inspired-velvet-button-detail-vanity-accent-stool
134,https://24estyle.com/products/eliza-fan
135,https://www.theteakplace.com.au/products/garden-bench-cushions
136,http://modliving.com.ph/products/
137,https://www.modernfurnituredeals.co.uk/products/ovo
138,https://woodaction.com/products/folding-wardrobe
139,http://roomyroom.com/collections/writing-table/products/french-riviera-paris-3-drawer-desk-rmy238
140,https://wayborn.com/products/
141,https://mintffe.com.au/products/
142,https://shop.gubi.com/products/epic-dining-table
143,https://popstrukt.com/products/steel-shelf-standard
144,https://headandhaft.co.uk/products/tir
145,https://www.danishinspirations.com/products/products/bedroom/page/3/
146,https://www.bbfurniturestore.co.uk/products/sareer-3000-pocket-sprung-mattress
147,http://andywilx.co.uk/collections/cushions/products/dreaming-cushion
148,https://mybellas.com/products/paolo-bench
149,https://www.jaimesfurniture.com/products/junior-beds-1
150,https://luxstreet.com.au/collections/outdoor/products/whitehaven-dining-chair-white-frame-white-wicker-seat
151,https://jordanshome.ca/products/blue-vase
152,https://4-chairs.com/products/mason-chair
153,https://www.coolstuffandaccessories.com/products/white-wood-dining-table
154,https://pepegarden.co.uk/products/erica-park-bench
155,https://www.loomlan.com/collections/modern-furniture-sofa-loveseat-tufted-leather-blue-velvet/products/dean-92-california-casual-sofa
156,https://workspaceluxe.com.au/products/6ixty-zine-desk
157,https://pawleysislandhammocks.com/products/swings/rope
158,https://nativelifestyle.co.uk/products/cons-cesar01
159,https://www.amcfurniture.co.uk/products/1-6m-loui-dining-table-with-4-nicole-chairs
160,https://furniturefetish.com.au/products/oslo-office-chair-white
161,https://thebrick.com/products/tacoma-chest
162,https://www.perchfurniture.com/products/hoyt-chair
163,https://cityfurnitureshop.com/collections/greenington/products/azara-bed
164,https://www.conceptuscollection.com/products/kyu-dining-chair
165,https://premiumpatio.com.au/products/outdoor-tables/page/3/
166,https://www.jardin.co.nz/clearance/products/costa-chair-~-verbena/
167,https://najarianfurniture.com/products/roma-sofa-pebble
168,https://www.harpersproject.com/products/marble-stool
169,https://www.countrytime.ca/products/
170,https://www.therejectshop.sg/products/page/3
171,https://www.mydiscountmalta.com/products/mdm-wardrobe
172,https://avehome.com/products/aria-desk
173,https://www.fireandco.co.uk/products/fire
174,https://huxlo.co.uk/products/desk
175,https://thebanyantree.com.au/products/gift-card
176,https://nofred.com/products/wall-bug
177,https://nyfurnitureoutlets.com/products/acme-furniture-versailles-classic-bed-king
178,https://galaxiemodern.com/products/jens-risom-sofa
179,https://zulufurniture.com/products/posh
180,https://interiorsonline.com.au/products/interiors-online-gift-card
181,https://www.paetry.com/products/catalina-chair
182,https://chansfurniture.com/products/copy-of-42-tennant-brand-modern-style-beatrice-bathroom-sink-vanity-tb-9433-v42-wenge-color
183,https://kubekfurniture.com/products/pearl-day-bed&title=Pearl%20Day%20Bed%20-%20Reserve%20one%20from%20June/July%20stock%20with%20just%20a%20deposit%20-%20CONTACT%20US
184,https://www.statewidefurniture.com/products/Ashley-Furniture/ashley/1010494.html
185,https://blupeter.com.au/products/tulip-object
186,https://www.scandesign.com/products/pavia-sectional-ivory
187,https://furniturevilla.co.uk/products/living-room-furniture/desk
188,https://www.shoptorious.com/products/nova-domus-jagger-modern-dark-grey-walnut-bedroom-set
189,https://ifurnituresupply.com/products/spray-adhesive
190,https://settlehome.co.uk/products/double-pair-of-triple-pinch-pleat-curtains-in-zoffany
191,https://atouchoffurniture.co.uk/products/alton-3-seat-sofa
192,https://www.hatihome.com/products/lounge-cane
193,https://www.bandhinidesign.com/products/norway
194,https://boulevardoutdoorfurniture.com/products/surin-lounge-set
195,https://www.lastersfurniture.com/products/surya/a10858.html
196,https://www.oakvillage.co.uk/products/woburn-painted-wine-rack%20via%20@//twitter.com/oakvillage
197,https://allstatefurniturenj.com/products/bayonne-bedroom-collection
198,https://www.gloster.com/en/products/materials/teak
199,https://www.project82.com.au/products/palermo-rug-by-armadilloampco
200,https://decorum-shop.co.uk/products/gift-card-10-25-50-100
201,https://furnituremama.com/products/three-door-wardrobe-mirror-2
202,https://www.mfdesign.com.my/collections/sales-05/products/mf-design-sofa-3-seater-sales-05
203,https://vancouverwoodworks.com/products/aamerica-wslcb5091
204,https://bestfurniture.co.nz/products/linea-sideboard
205,https://denvermodern.com/products/chula-outdoor-rug
206,https://contempoconcepts.com/products/winndom-berkeley-iii?_pos=1&_sid=362e09ca2&_ss=r
207,https://birba.co.za/products/elkay-coffee-table-with-black-resign-line-detail
208,https://modholic.com/products/tulip-bar-table
209,https://www.ameriwoodhome.com/Products/Storage/All/
210,https://www.somedaydesigns.co.uk/products/muuto-tip-lamp?variant=513748041743
211,https://circa60.com/products/mid-century-modern-walnut-hanging-floating-cabinet&text=Mid%20Century%20Modern%20Walnut%20HANGING%20%20/%20FLOATING%20CABINET
212,https://hemma.sg/products/flower-planter?_pos=1&_sid=7be5737ba&_ss=r
213,https://www.theoakfurnitureshop.com/products/country-trend-solid-oak-tv-stand-51/
214,https://sakhome.co.uk/collections/best-sellers-1/products/bibi-candle-holder-rouge
215,http://www.komodromos.com.cy/products/special-offers/page/2/
216,https://sghomefurnishing.com/collections/study-room/products/alvise-working-desk
217,https://www.youngath-art.com/products/free-gift-with-every-kids-bed-purchase
218,https://parliamentinteriors.com/products/accessories-and-decor
219,https://newstartfurniture.com.au/products/4-four-poster-king-bed-frame
220,https://donar.si/products/collodi
221,https://home99.sg/products/l-shape-half-leather-sofa-lp860
222,https://arkaliving.com/products/african-palm-woven-chair
223,https://foreverfurniture.ca/products/living/palliser-furniture/india-leather-sofa
224,https://www.ambersfurniture.com/products/win-table
225,https://theodores.com/products/
226,https://www.hanaleyinteriors.co.uk/products/page/3/
227,https://www.bovafurniture.com/products/office/desks/page/2/
228,https://midinmod.com/products/vendetta-bookcase%20via%20@https://twitter.com/midinmod?lang=en
229,https://www.lujoliving.com/products/bean-bag-hook
230,https://www.polyteakoutdoor.com/products/polyteak-curved-outdoor-rocking-chair
231,https://mildanmarket.com/products/bling-mirror-30
232,https://hemmingandwills.co.uk/products/arne-desk
233,http://www.muuduufurniture.com/products/frame-material/wood/
234,https://www.simpli-home.com/products/braxton-desk
235,https://hklivingusa.com/products/marble-terrazzo-board-multi-color
236,https://pinchdesign.com/products/yves-desk
237,https://minimalandmodern.ca/products/moes-home-collection-raw-city-at-large-wp-1105-37
238,https://distinctive-interiors.com/products/
239,https://www.normann-copenhagen.com/en/en/products/tivoli/lamps/toli-lamp--20-cm-eu-5005028
240,https://www.decoframe.co.uk/products/
241,https://thebeachfurniture.com.au/products/gift-card
242,https://taylorbdesign.com/products/hb-1441
243,https://uniquehomefurnishing.co.uk/products/hzh330
244,https://www.novomodern.com/products/avenue-chair
245,https://www.villalane.com.au/products/gift-card
246,http://aonefurniture.in/userdata/products/no%20value
247,https://noho.co/products/noho-move-chair-topper
248,https://www.lestudiolum.com/us/products/textiles/throws/
249,https://beckurbanfurniture.com.au/products/page/2/
250,https://livingedge.com.au/products/tables/dining
251,https://www.grandadsshedbrigg.co.uk/products/living/east-indies-living/
252,https://mrnanyang.com/products/cushioned-soft-leather-chair
253,https://panana.co.uk/products/3-seater-sofa-bed
254,https://odafurniture.com/products/
255,https://www.homebarsusa.com/products/howard-miller-niagara-bar-693-001
256,https://www.ofo.com.au/products/hanging-pod-chair
257,https://thewoodroom.com.au/products/take-me-back
258,https://www.gblfurniture.com/products/provence-1door-cabinet
259,https://www.myharmony.hk/products/woody-slab-table
260,https://www.mymoderndecor.com/sales@mymoderndecor.com/products/slim-bookcase-800923
261,https://www.fdxonline.com/en/en/products/chaise-lounge-by-dfn
262,https://edenliving.online/collections/summerloving/products/nice-lounge-1
263,https://homesteadfurniturebc.com/products/zane-bedroom-collection-please-contact-us-for-black-friday-pricing&via=hsfbc&text=Zane%20Bedroom%20Collection
264,https://shop-ames-interiors.com/products/gift-card
265,https://countrylife.co.nz/commerce/products/2890977554284032/?rt=9&referral_code=page_shop_tab&ref=page_shop_tab
266,https://www.onlydiningchairs.com.au/products/wooden-velvet-retro-grey-dining-chair
267,https://www.skandium.com/products/ch24-soft
268,https://ezzo.co.uk/collections/home-page-products/products/garret-3-seat-sofa
269,https://www.imfurniturestore.com/products/sofa
270,https://www.thechesterfieldshop.com/products/sofas/
271,https://www.ultimateliving.co.nz/products/adam
272,https://lostine.com/products/jack-chairs
273,http://www.kis-lv.com/Products/products.html
274,https://emfurn.com/products/aaron-sofa
275,https://www.homeandstyle.com.sg/products/richmond-sofa-grey
276,https://www.vetrohome.com/products/dice-sofa
277,https://vanspecial.com/products/self-planner
278,https://www.sundays-company.com/collections/new-arrivals/products/sink-in-sofa-ecru
279,https://houseofanli.com/products/gift-card
280,https://www.soleilcollective.com/collections/beds/products/driade-edward-i-double-panel-bed
281,https://www.castlery.com/products/spot-shelf
282,https://www.homeaffections.co.uk/products/wide-display-cabinet-540005-bonoca
283,https://mandai-design.com/products/led-einbaustrahler-boston-downlight
284,https://rigersfitness.com/products/professional-wooden-rocker-balance-board
285,https://www.novena.com.sg/collections/stayhome-collection-for-immediate-delivery/products/altas-dining-set-solid-wood
286,https://taktcph.com/products/
287,https://inliving.com/products/
288,https://dwell.co.uk/products/sleep/type/bed/
289,https://www.hamac-shop.be/products/hamac-brasil-xxl-vert
290,https://emvy.gr/products/
291,https://primrosehomeware.co.uk/products/pulley-clothes-airer-5-lath
292,https://australianchildrensfurniture.com.au/products/modular-sectional-unit
293,https://wazofurniture.com/collections/sofa/products/grant-blue-fabric-sofa
294,https://www.totemroad.com/products/gift-card
295,https://camerichseattle.com/products/rugs/
296,https://www.thefurnituremegastore.co.uk/products/noir-80x180-cm-wall-mirror
297,https://www.countrysideamishfurniture.com/products/home-entertainment-centers/all/P40
298,https://www.hopperstudio.com/products/sofia-nightstand
299,https://www.mooradians.com/products/?filter_brand=fairfield-chair-company
300,https://jopa-interiors.co.uk/products/black-weave-cushion-with-tag
301,https://www.souk.co.nz/products/sumatra-chair%20via%20@https://twitter.com/Souk_Collective
302,https://teak-furniture-singapore.com/products/sweden-side-table
303,https://home-evolution.com/products/one-storys-not-enough/
304,https://yesterdaystreefurniture.com/products/gifts/
305,https://www.idealfurnishings.co.uk/products/amsterdam-double-bedstead
306,https://www.ministryofchair.com/products/cushion-lapland
307,https://ubikhome.co.za/products/ada-tv-stand
308,https://www.rightprice.co.uk/collections/all/products/alexis
309,https://www.shorehousefurniture.com/products/Rowe-Furniture/rowe/c396sect.html
310,https://davishomefurniture.com/products/office/desk/
311,https://rustic-furniture.co.uk/products/curved-open-bedside
312,https://teak-warehouse-sale.com/products/tws889lt-000-ta-lp
313,https://brownandbeam.com/products/hunts-pouf
314,http://oot-oot.com/products/
315,https://hedgehousefurniture.com/products/windsor-bed
316,https://www.do-shop.com/products/gift-card
317,https://westbridgefurniturestoke.co.uk/products/view/890
318,https://furnitica-vinova.myshopify.com/products/enim-donec-pede
319,https://vintage-etc.com/products/tabeni-coat-stand
320,https://www.furniturecontracts.com.au/products/
321,https://www.centralliving.co.uk/products/vik-desk-chair
322,https://www.classic2modern.com/products/100-sofa
323,https://taeillo.com/products/ada
324,https://www.espasso.com/products/tearsheet/1815
325,https://www.starliving.com.sg/products/heather-armchair
326,https://www.elanfurniturecorp.com/products/elan-furniture-port-indoor-60-bench%20via%20@//twitter.com/elanfurniture
327,https://dkmodernfurniture.com/products/novah-desks?variant=20650194534470
328,https://www.eventsuber.com/products/resin-folding-chairs-vinyl-pad&text=1000%20lb.%20Capacity%20Resin%20Folding%20Chair%20w/%20Vinyl%20Padded%20Seat
329,https://www.arfurnishings.co.uk/products/kyoto-quilted-knockerback-chair
330,https://warehaus.sg/products/boris-chair
331,https://eurolivingfurniture.com/products/746-writing-desk
332,https://www.mossmanilahome.com/products/
333,https://thebellacottage.com/products/barrel-bar
334,https://yourpatiostore.com/products/zara-loveseat
335,https://ingoodcompany.com.au/collections/new-arrivals/products/kuru-bowl-ceramic-37cm-grey
336,http://position-collective.com/skill/products/
337,https://sarahellison.com.au/collections/all/products/muse
338,https://www.skovby.com/en-gb/products/tv-cabinets/skovby-86
339,https://hemisphereliving.com.au/products/
340,https://fmvegas.com/products/carlo-dresser
341,https://osmen.com.au/products/customize-cushion
342,https://shop.humblecrew.com/products/lucky-theory-metal-chair
343,https://runyonsfinefurniture.com/products/alf-bar-stool
344,https://stationfurniture.store/products/milano
345,https://www.wrights-furniture.com/products/La-Z-Boy/lazboy/440521.html
346,https://copperbarnhome.com/products/gift-card
347,https://www.thenineschools.co.uk/collections/trunk/products/oriental-decorated-blue-trunk
348,https://www.oaktreeupholstery.co.uk/products/double-headboard-b-fabric
349,https://humelabamerica.com/products/clea
350,https://viesso.com/products/haru-bed
351,https://bohincstudio.com/collections/vases/products/jupiter-vase
352,https://www.pizzazzhub.com.au/products/4-tier-tv-media-stand
353,https://www.jseitz.com/products/buddha
354,https://www.diyfurniturestore.com/products/inside-out
355,https://dhfonline.com/products/gift-card
356,https://furniturebylauren.co.uk/products/mayfair-bedroom/
357,https://wholesaleteakcompany.com/collections/frontpage/products/sonoma-los-angeles-mirror-back-teak-glass-display-cabinet-wtc288dc-200-mr-pnm
358,https://www.klinnerfurniture.com/products/simmons/beautysleepdauphinislandtighttopplushking.html
359,https://vintagehomeboutique.ca/products/zinolin-teak-oil
360,https://www.woodwaves.com/products/gray-floating-tv-stand-entertainment-center-eco-geo-lakewood
361,https://www.dillamores.co.uk/products/claremont-two-seater-sherborne/
362,https://www.ledecostyle.com/collections/featured-products/products/1970s-sputnik-suspension-lamp-made-in-murano-in-star-form
363,https://thedorsetfurniturecompany.co.uk/products/arctic-white-high-gloss-150cm-shelf
364,https://candb.ca/products/10-gel-memory-foam-mattress
365,https://veroabode.com/products/adjustable-vintage-retro-rustic-bar-stool
366,http://macquillanhome.co.uk/products/dressing-table-and-mirror-mqfn187.html
367,https://loft-theme-demo-nashville.myshopify.com/products/black-chair
368,https://www.greensladesfurniture.co.nz/collections/rugs/products/nebraska-floor-rug-ash
369,https://gfurniture.ca/products/
370,https://jordansinteriors.ca/products/park-slope-desk
371,https://whataroom.com/collections/new-arrival-rugs/products/arsene-r3475-aqu000
372,https://elephanthead.co.uk/products/colourful-markers-cushion-cover
373,https://www.houzzconcept.com.au/products/ino-sideboard
374,https://ikonitaly.com/products/minimaproject-chieut-table
375,https://mulamu.com/products/membership
376,https://www.stacksfurniture.co.nz/products/rapaki3seatsofa-fog
377,https://wrightsfurnitures.com/products/
378,https://www.furnituresales.com.au/products/200573469
379,https://urban-beach.co.nz/products/sofa-mica?view=quick
380,https://profilesny.com/collections/art/products/bleach-scarf
381,https://www.nsquarestudio.com/products/odin-bedside-table
382,https://basefurniture.co.nz/products/pegboard
383,https://modernityvintage.com/products/wilhelm-renz-metamorphic-coffee-table
384,http://thefurnitureshopblackhall.co.uk/products/
385,https://oakspecialists.com/products/bedroom/beds/63/
386,https://www.reckageathome.co.uk/products/re014
387,https://www.living-home.co.uk/products/58-07-valencia-side-table
388,http://furniture4lettings.co.uk/../products/sofas/
389,https://www.shopden-la.com/products/single-metal-grated-pendant-lamp-by-the-feldman-company
390,https://www.thecurious.mx/collections/products/products/arcos-chair
391,https://shannonsales.co.uk/products/special-offers/special-offers-and-sale-items/
392,https://www.lovettandjudge.co.uk/products/worker-bee-picture
393,https://www.byronbayhangingchairs.com.au/products/weekender
394,https://famgizmo.co.uk/products/1800w-log-burning-flame-effect-stove-electric-fire-heater-fireplace-standing
395,https://boneinlayhome.com.au/products/bone-inlay-french-drawers-floral-grey
396,https://bastilleandsons.com.au/products/ottoman-leo
397,https://www.koernerfurniture.com/products/La-Z-Boy/lazboy/010563.html
398,https://daufurniture.com/products/style/transitional/dana-upholstered-bed/
399,https://thecountryfurniture.com/products/sequoia
400,https://www.oopenspace.com/products/nova-3
401,https://jeffjonesfurniture.net/products/Ashley-Furniture/ashley/b69746.html
402,https://fredericksgallery.ca/collections/bars/products/sonoma-695-064
403,https://lesa.com.my/website2019/products/living/
404,https://signaturefinefurniture.ca/products/jacobson-bed
405,https://designkollective.com/stores/woodlandcreek/products/76623
406,https://claytongrayhome.com/products/palecek-coco-ruffle-mirror
407,https://www.furlon.co.uk/products/194
408,https://www.mrandmrswhite.net/products/gift-card-2
409,http://www.italiafurniture.com/products/ellis-dining-collection
410,https://rawmaterials.eu/products/acaciawood-curved-wall-shelf-80-cm
411,https://suncoastsitra.shoptiqstore.com.sg/products/footstool&media=https://cdn.store-assets.com/s/257913/i/8659911_480x.jpeg&description=Footstool
412,https://www.fentonandfenton.com.au/products/gift-card&media=http://cdn.shopify.com/s/files/1/1909/9637/products/GiftVouchers_Product_1024x1024.jpg&description=Gift%20Card%20%23Art-Lover%20%23Birthday%20%23Colour-Lover
413,https://homeresource.com/products/series-7-chair&media=http://cdn.shopify.com/s/files/1/1170/0268/products/Series-7-ann-1423601841_1024x1024.jpeg&description=Series%207%20Chair%20%23Chairs
414,https://shop.vanillawood.com/products/plume-wallpaper
415,https://divine-interiors.co.uk/products/sofa-deposit
416,https://www.stylemyhome.com.au/products/regency-three-drawer-chest
417,https://elegantoak.co.uk/products/abbert-5ft-bed
418,https://www.furnish123quadcities.com/search/products/?s=36505
419,https://maximahouse.com/products/denver-tv-set
420,https://www.loungesplus.com.au/products/baird-fabric-lounge-package
421,https://www.valaray.com/collections/all/products/scandormi-sofa
422,https://www.wellhunghammocks.com/products/mexican-hammock
423,https://www.kolocollection.com/collections/lounging/products/bentley-sofa-in-oyster-weave
424,https://empirefurniture.co.nz/products/recliner-lounge-suite
425,https://urbansize.co.uk/products/hallway-tidy
426,https://www.dezilux.co.uk/products/aliya-french-style-console-table
427,https://theoutdoorpatiostore.com/products/gazebo-8x8
428,https://www.rockymountain.furniture/products/jofran/15003.html
429,https://www.jarrahmarri.com.au/products/corner-tv-unit
430,https://www.stevenshellliving.com/products/piccolo-jug
431,https://brisbanefurniture.com.au/products/linear-desk
432,https://www.warmnordic.com/global/products/news
433,https://www.elementsconcept.com.sg/collections/lighting/products/light-shade
434,https://gousesfurniture.com/products/
435,https://www.puji.com/www.puji.com/products/urban-industrial-bistro-dining-table
436,https://syscomseatings.com/products/workstation-manufacturers-bangalore/tile/
437,https://all3loops.com/products/personalized-coozies
438,https://www.littletulip.com/products/set-200-marble-6
439,https://www.theinside.com/products/x-bench-onyx-austin-stripe-by-old-world-weavers/PTM_XBench_OnyxAustinStripeByOldWorldWeavers
440,https://www.theguestroomfurniture.com/products/
441,https://razoutlets.com/products/table-lamp
442,https://www.sartra.co.uk/products/beaufort-large-oak-tv-unit
443,https://www.theattikstannes.co.uk/products/stunning-mid-century-vintage-teak-portwood-sideboard-credenza-1205
444,https://www.thedesignedit.com.au/products/daria-cushion
445,https://designhouse.com/products/pig-bank
446,https://pinchdesign.co.uk/products/emil
447,https://www.couchpotatocompany.com/collections/best-sellers/products/ro-armchair
448,https://hanchicsfurniture.co.uk/products/stag-f-b-sideboard
449,https://www.kannoa.com/products/lipa-barstool
450,https://www.kid2youth.in/products/duo-ergonomic-chair
451,https://sigmanmills.com/products/gift-card
452,https://hoomefurniture.com/products/page/2/
453,https://www.timothyoulton.com/products/living/sectional-sofas
454,https://www.bilberry-furniture.co.uk/products/test
455,https://www.therusticfurniturestore.com/products/global-floor-lamp
456,https://stylefurniture.com.sg/products/lucas-armchair
457,https://www.saladinostyle.com/products/nature
458,https://littlepartners.com/products/bentwood
459,https://mossgardenhome.com/products/woodland-puzzle
460,https://www.autonomousfurniture.com/collections/frontpage/products/pod11-1
461,https://urbanfurnishing.net/products/5a-rio
462,https://www.lujo.co.nz/products/bean-bag-hook
463,https://kenittifurniture.com/products/tv-cabinet-mn681
464,https://www.generalstorefurniture.com.au/products/design-customise-your-own-timber-dining-table
465,https://www.getmycouch.com/collections/sofa/products/sofa-sectional-bed-fn-gmc-008237
466,https://hmezsofa.sg/products/marble-tray
467,https://austinleathergallerytx.com/products/
468,https://www.royaloakfurniture.co.uk/products/pop-bench
469,https://allwoodfurn.com/products/group-119-rustic-two-tone-gathering-table-and-barstools
470,https://outonthepatio.com.au/products/aria
471,https://tabularasa-furniture.com/collections/frontpage/products/ohmm-fiesta
472,https://www.bbdgstore.com/products/bed-pillows
473,https://glenwoodfurnishings.co.uk/collections/dining-room/products/cambridge-dining-set
474,https://calligarisla.com/products/living/sofas/metro/minimal-and-contemporary-modular-sofa
475,https://rotherwoodfurniture.com/products/silverton-135cm-bedstead
476,https://superdealfurnituregallery.com/products/tristan-5-piece-kitchen-set
477,https://qualitywoods.com/products/qw-amish-mckee-6pc-dining-set?variant=31793708105810
478,https://www.hipvan.com/products/sleep-mattress?ref=nav_dropdown
479,https://scenicdecor.ca/products/grasshopper-storage-bin
480,https://www.thefurniturefactory.org.uk/products/warwick-dining-set
481,https://lamporia.com/products/tbl4229a
482,https://derwenthouseliving.co.uk/products/
483,https://lovenlight.eu/products/page/3/
484,https://woodshopfogoisland.ca/products/bertha-chair
485,https://driftingwood.in/products/driftingwood-room-garden-love-folding-table-black
486,https://www.knoll.com/design-plan/products/by-designer/knoll
487,https://shop4sofas.co.uk/products/rye
488,https://mesasilla.ca/products/
489,https://vastinterior.com.au/products/samson-daybed-single-2
490,https://www.eurohausfurniture.com/products/novaluna-parigi-platform-bed
491,https://ifortifi.ca/products/pl103
492,https://www.yellowleafhammocks.com/products/hammock-gift-card
493,https://www.popandscott.com/products/raffia-sun
494,https://french-classic-furniture.com/products/french-round-back-dining-chair-white-fcf688ch-000-rd-qa-wh_1
495,https://www.chattelsfurniture.co.uk/products/bedside-table-two-drawers
496,https://lexiconhome.com/products/h181000a70wh&via=&text=Chai%20Accent%20Chest%20w/%20Mirror%20Door
497,https://www.sunshinefurniture.com.au/products/albert-sofa
498,https://www.whytesofcrossgar.co.uk/products/otto-accent-chair
499,https://www.mainecottage.com/collections/workspace/products/big-cay-desk
500,https://craftassociatesfurniture.com/products/craft-associates-wool-lounge-chairs-1519
501,https://britishhomeinteriors.co.uk/products/mirrored-fireplace
502,https://www.unclaimed-furniture.com/products/Standard-Furniture/stand/11406.html
503,https://modshop1.com/collections/amalfi/products/amalfi-3-door-credenza
504,https://www.stil.ie/products/butterfly-stool
505,https://karladubois.com/products/wooster-convertible-crib
506,https://ardoutdoor.com/products/
507,https://plankandpipe.co.uk/products/copper-pipe-clothes-hanger-hooks
508,http://www.makebuildmend.co.uk/products/
509,https://www.solidoakfurniture.co.uk/products/beds.html
510,https://www.canvasinteriors.com/collections/rugs/products/lia
511,http://m-edition.co.uk/products/ch103-sofa
512,https://interiorsinvogue.com/products/side-sofa-table-silver-finish-har189
513,https://www.astellahrela.com/products/narla-tray
514,https://www.furnitureworldgalleries.com/products/
515,https://www.altamodafurniture.com/products/Woodworks/ca_ww/3701npt.html
516,https://www.tandemarbor.com/products/kaiser-box-bed-blush-plush-velvet
517,https://treaclegeorge.com/products/gift-voucher
518,https://furnish123watertown.com/products/
519,https://houseofdurante.co.uk/products/libra-bronze-boar-sculpture
520,https://hamptonsstyle.com.au/products/hamptons-style-gift-card
521,https://www.roccityfurniture.com/products/abney-4pc-set/
522,https://www.ourfurniturewarehouse.com.au/products/athens-3pce-lounge-includes-2x-armless-3-seater-and-corner-ottoman-in-grey-storm-fabric?_pos=1&_sid=9f9ca4320&_ss=r
523,https://www.modernisedliving.com.au/products/3-sets-tank-pots-grey
524,https://livingbydesign.net.au/products/sorensen-teak-bench-seat-dining
525,https://atomi.shop/products/wallpaper
526,https://varkoa.com/products/sven-chair
527,https://www.pacificlifestyledecor.com/products/outdoor-patio-pool-and-garden-wicker-storage-box
528,http://www.bycollage.com/products/?product_tag=flux
529,https://www.bellus.com/products/
530,https://nestz.com.au/products/classic-chess-board
531,https://pastperfect.sg/products/
532,https://www.henkalab.com/products/kaona-table
533,https://www.homekoncepts.com/products/furniture/tables/end-tables/
534,https://bungalowfurniture.com/products/bath-mat
535,https://homeandpatioliving.com/products/mib
536,https://finditstyleithome.com.au/products/dahlia-mirror-gold-1
537,https://coastalhomecollective.com.au/products/wooden-tray
538,https://www.mykahome.com.au/products/zee-back-cushion
539,https://www.case22.com.au/products/moooi-chess-table
540,https://www.vavoom.com.au/products/ebony-chest
541,https://alteriors.ca/collections/herman-miller/products/nelson-saucer-bubble-lamp
542,http://www.furnimax.co.uk/products/more-sleep-cadiz-double-complete-set/
543,https://www.fiveelementsfurniture.com/collections/sola-office-collection/products/sola-lift-desk
544,https://www.comfortfurniture.com.sg/sale/products/office
545,https://www.walteralice.com/products/wool-alpaca-poly-blend-check-fireside-chair?variant=8105538551900
546,https://zenchair.co.za/products/galileo-backrest-for-outdoors
547,https://www.wbjamieson.com/products/string-system
548,https://popularstores.co.za/products/te-6011
549,https://www.wardrobe-bunk-bed-sofa.uk/products/wardrobe-ava-4-3
550,https://sjotime.com/products/notch-desk
551,https://magnolialane.biz/products/anika-cushion
552,https://www.sheridaninteriors.co.uk/products/celine-fabric-bed
553,https://www.naturalgeo.com/products/natural-geo-jasmine-modern-wavy-abstract-gray-black-area-rug
554,https://rusticcraft.ca/products/rocking-chair
555,https://www.18karatstore.com/collections/new/products/argea
556,https://snugathome.co.uk/products/eiffel-dining-chair
557,https://www.jensen-lewis.com/products/guardsman-gold-complete-plan
558,https://penelopesgarden.us/products/cbd-starter-kit-save-5
559,https://www.turquoise.co.uk/collections/walnut/products/walnut-glass-dining-table-h1096
560,https://valentinesfurniture.com.au/products/
561,https://www.gowanusfurniture.com/www.gowanusfurniture.com/products/class-make-your-own-custom-cutting-board
562,http://mollanbros.co.uk/products/page/4/
563,https://www.efurnitureny.com/products/wardrobes-and-closets/wardrobe-closet-and-armoires
564,https://www.theimporter.co.nz/products/bookshelf-rosewood
565,https://www.alwaysabargain.co.uk/products/talladale-3-over-4-chest-of-drawers
566,https://www.askewsfurniture.co.uk/products/disposal-of-old-mattress
567,https://habitekshop.com/products/model-5-oak
568,https://www.langria.com/products/laptop-desk-cart
569,https://idlehands.design/products/page/2/
570,https://home-buy.com.au/products/bridger-pendant-larger-lamp-metal-brass
571,https://midcenturymasters.com/products/sculptural-ebonized-credenza-with-silver-leafed-front
572,https://bryantscountrystore.com/products/deli-sandwich-carryout
573,https://vauntdesign.com/products/forna-plant-stand-small
574,https://savannahspace.com/products/bo-woven-rug
575,https://centralcoastfurniture.com/collections/desks/products/lewis-desk
576,https://timelessdesign.com.my/products/l-a-lcw-lounge-chair
577,https://sika-design.com/products/belladonna-nature
578,https://www.granitelane.com.au/products/flourish-print
579,https://www.needlerock.co.uk/products/chairs
580,https://modernhomefurniture.com.au/products/albert-sofa
581,https://www.toplinestore.co.uk/products/valawhi/products/valawhi&title=Vala%20High%20Gloss%20Coffee%20Tabl...&source=http://www.toplinestore.co.uk/products/valawhi
582,https://www.bridgnorthfurniture.co.uk/products/verona-chair
583,https://asplundstore.se/products/fish-bricka
584,https://www.softsquare.com/collections/usm-haller/products/usm-haller-media-o1
585,https://polini.co.nz/products/changing-table-polini-simple-1080-white
586,http://olgunstore.com/en/products/sleeping-products/toppers/
587,https://www.patiocottage.com/collections/patio-chairs/products/back-pack-chair
588,https://baskdesign.com/collections/new-products/products/social-1
589,https://sofasandmore.co.nz/products/entertainment-unit-tv-unit
590,https://decorium.us/products/costa-adjustable-barstool
591,https://ashtonandcoleman.co.uk/products/tables/lamp-table
592,https://www.smallspaceplus.com/products/scube
593,https://www.furnituremarts.com/products/gallery-home.aspx
594,https://capsulehome.com/products/frey-sofa'%3EFrey%20Sofa%3C/a%3E%20and%20I%20wanted%20to%20share%20it%20with%20you
595,https://www.myconcept.com.hk/products/moo
596,https://www.mybudgetfurniture.com/products/3pc-sectional
597,https://www.peterboroughreclinercentre.co.uk/products/reno-chair-with-footstool
598,https://alidasa.co.uk/products/terra-6-3-drawer-pine-white
599,https://www.gowfb.com/products/patio-set-covers
600,https://totalpatioaccessories.com/products/product07
601,https://walkeredisonshop.com/products/jackson-slat-entry-table
602,https://solidaustin.com/products/cooks-sofa
603,https://www.zavedo.nz/collections/wall-hooks/products/soho-hook-50
604,https://onske.co.uk/products/gift-card
605,https://brownsquirrelfurniture.com/furniture/rest-bedrooms/rest-beds/sleep-queen/products/laurel-sleigh/
606,https://themodern.net.au/products/hamar-plant-stand-ash
607,https://gingerjarfurniture.com/products/page/3/
608,https://www.allaboutproduct.net/products/live-edge-86-metal-base-dining-table-with-matching-2-chairs-1-bench
609,https://thedesigndepot.co.nz/products/
610,https://studioydesign.ca/products/ontario-classic-storage-bed
611,https://www.madebyhame.com/products/ladder
612,https://haute-living.com/products/beam-desk
613,https://www.interiorliving.ca/products/elaine-chair-1
614,https://dev-danish-inspirations.pantheonsite.io/products/products/bedroom/page/3/
615,https://www.herashome.com/products/462
616,https://www.simplyhammocks.co.uk/collections/new-products/products/denim-hammock
617,https://www.cmphouse.com/products/huntington%E2%84%A2-8pc-patio-sofa-and-lounge-chair-set
618,https://modernkomfort.ca/products/glen
619,https://www.finnavenue.com/products/carrara-round-dining-table
620,https://welcometohome.com.au/products/peyton
621,https://opulencehome.com/products/lucas-leather-chair
622,http://www.diamondfurniturepremier.com/products/
623,https://www.jandjtreasuretrove.net/apps/webstore/products/show/8098794
624,https://www.theurbaneditions.com/products/marston-wide-desk-on-minimalist-square-legs
625,https://www.fads.co.uk/products/living/sofas/sofa-beds/
626,https://www.scotmeachamwoodhome.com/products/hodges-tweed
627,https://mybossfurniture.com/products/tullis-2&via=&text=Tullis%20Cream/Navy/Gray%20Medium%20Rug
628,https://us.alexandrallewellyn.com/products/leaf
629,https://foldsmart.co.uk/collections/frontpage/products/deep-double-bookcase
630,https://epilog.co.id/products/telephone-box
631,https://htinteriors.ca/products/cross-bench
632,https://www.morningstartrading.ca/pages/products/recycled-treasures-consignment-pieces/hidden-treasure
633,https://adona.in/products/adona-adonica-fusion-king-bed-plywood
634,https://www.nookandcranny.com/products/valda-sofa
635,https://woodtribe.co.nz/products/wood-framed-signs
636,https://tiger-oak.com/products/skovby-portable-bar
637,https://outletbarn.co.uk/collections/corner-sofas/products/ellena-recliner-corner-group-brown-only-limited-stock
638,https://www.zipchair.com/products/stealth-recliner-with-boston-bruins-logo
639,http://www.vawayside.net/store/products/tag/beds
640,https://furnitureoutletnc.com/products/deluxe-full-mattress
641,https://thonet.co.nz/products/all
642,https://www.furnitureworldsaskatoon.com/products/
643,https://www.quaysideinteriors.co.uk/products/alexandra-bed-king
644,https://www.angliarecliners.co.uk/products/swan/
645,https://www.bfelix.com/products/lanceros-sofa
646,https://tyfinefurniture.com/products/enso-platform-bed
647,https://perfectforthehome.co.uk/collections/occasional/products/maison-velvet-chair
648,https://www.balirepublic.com.au/products/fabric-cleaner
649,https://vincentdesign.com.au/products/spaltekanden-big-white
650,http://thomsonfurnitureonline.com/products/
651,https://www.simplyfurnishing.co.uk/products/4kids-1-door-desk-mobile-with-lemon-handles
652,https://www.poppiesfurnituredirect.co.uk/apps/webstore/products/show/5373703
653,https://mahliainteriors.com.au/collections/mothers-day-15-off-sale/products/bone-inlay-floral-box-black
654,https://www.hudsonfurniture.com.au/products/string-weave-timber-stool
655,https://www.hopewells.co.uk/products/living-dining/sofas-chairs/tetrad/tetrad-patna-chair
656,https://www.kwikshopnship.com.au/products/rede-de-dormir-hammock
657,https://reecefurniture.com/products/jonkoping-sofa
658,https://www.konfoliving.com/products/miami-bean-bag-chair
659,https://www.unitedoutdoorfurniture.com.au/products/scarlett-indoor-timber-buffet-sideboard%20via%20@https://twitter.com/UnitedHouse1
660,https://newforestrusticfurniture.co.uk/products/rustic-ruler-height-chart
661,http://gharwakhri.com/Products/Bed-Room
662,https://www.212concept.com/products/ikon-sofa
663,https://columbineshowroom.com/products/
664,https://scanteak.com.sg/products/apen-bookcase
665,https://urbangalleria.com/products/rowan-pod-swing
666,https://windsorbedding.co.uk/products/
667,http://www.sjdfurniture.co.uk/products/
668,https://chelseafurnishings.co.uk/products/ashton-range
669,https://www.kotihome.com.au/collections/tv/products/new-devanti-40-inch-smart-led-tv-2k-full-hd-lcd-slim-screen-black
670,https://curiousgrace.com.au/products/cleo-desk-lamp
671,https://foxwoodmerchants.com/products/v-table-need-info
672,https://test-danish-inspirations.pantheonsite.io/products/products/bedroom/page/3/
673,http://www.genesisfurniturelv.com/products/
674,http://veranda.com.au/products/#outdoor-anchor
675,https://www.prestige-affairs.com/products/wishbone-y-chair
676,https://www.simplyhomeinteriors.co.uk/products/wiemann-luxor
677,https://lloydloom-uk.co.uk/products/ellwood
678,https://uniqwafurniture.com.au/collections/decorative-decor/products/bwindi-wall-art
679,http://camerich-bd.com/products/
680,https://www.lounj.com.au/products/kiki-carver-chair
681,https://stealasofa.com/products/isla-gray-fabric-sectional-sofa-4249
682,https://limitedabode.co.uk/products/pink-art
683,https://www.bibliotek.co/collections/featured/products/bird-oak-large
684,https://singapore-furniture-sale.com/products/naples-teak-coffee-table-40x60x100-sfs638ct-000-ta
685,https://homedesignstoreflorida.com/products/rebecca-bed-king-size
686,https://shabbystore.co.uk/products/the-ritz-bed%20via%20@https://twitter.com/ShabbyStore
687,https://big-sale-furniture.com/products/amsterdam-bench-150-x-35-be-150-35-ta
688,https://huset-shop.com/products/gift-card
689,https://www.collectioni.com/products/noahs-ark-lounge-swivel-chair
690,https://cane-line.co.uk/collections/news-2020/products/breeze-sunbed-5569
691,https://rutherford-romaguera2611.myshopify.com/products/teddy-rug%20via%20@//twitter.com/undergrndmedia
692,https://finelinefurnitureandaccessories.com/products/colosso-woven-neoprene-hand-knotted-basket
693,https://boahaus.com/products/boahaus-urban-dressing-table
694,https://www.tobychairs.com/products/toby-table-oak
695,https://furnituredirectonline.co.uk/products/page/2/
696,https://www.smithmade.com.au/products/spargo-armchair
697,https://www.modernfurniture.com.au/collections/on-sale/products/vision-suspended-sunbed
698,https://thecooldepot.com/products/3d-cement-wall-planter
699,https://grandads-shed.com/products/daintree-mugs
700,https://teakco.com/products/amsterdam-2-drawer-bedside-table-tek168bs-002-ta
701,https://mikisew.ca/products/futon-mattress
702,https://www.attichomestore.co.nz/products/maori-hand-carved-wooden-taiha
703,https://reclaimedcharm.co/products/2-day-designs-dartboard-cabinet
